{"Difference_Absolute": 33.27429962158203, "_step": 21, "total_loss": 172.5044403076172, "logprob_sum": 56.06376647949219, "Difference_Relative": -33.27429962158203, "_timestamp": 1765462386.8779562, "_runtime": 48.816256351, "step": 21, "ewc_loss": 3.4438886642456055, "data_loss": 0.3100114956498146}