{"step": 21, "total_loss": 162.0263671875, "ewc_loss": 3.2402281761169434, "data_loss": 0.014949698932468891, "logprob_sum": 135.4468231201172, "Difference_Relative": -110.82685470581055, "_runtime": 7.869801412, "_step": 21, "Difference_Absolute": 110.82685470581055, "_timestamp": 1765462825.4351664}