{"step": 0, "ewc_loss": 0, "data_loss": 0, "Difference_Absolute": 0, "total_loss": 0, "logprob_sum": 49.6497802734375, "Difference_Relative": 0, "_timestamp": 1765459822.4755561, "_runtime": 8.219514944, "_step": 0}