{"step": 21, "total_loss": 159.539306640625, "ewc_loss": 3.1870393753051753, "_timestamp": 1765459804.257899, "_step": 21, "data_loss": 0.18733177334070203, "logprob_sum": 111.74664306640625, "Difference_Absolute": 75.8224868774414, "Difference_Relative": -75.8224868774414, "_runtime": 61.237524646}