{"logprob_sum": 67.16011810302734, "Difference_Absolute": 51.55775737762451, "Difference_Relative": -51.55775737762451, "_step": 21, "data_loss": 0.11500212699174882, "_timestamp": 1765462953.7401574, "_runtime": 35.289795787, "step": 21, "total_loss": 174.84954833984375, "ewc_loss": 3.4946908950805664}