{"step": 21, "data_loss": 0.04505558386445045, "logprob_sum": 87.43297576904297, "Difference_Absolute": 64.64350891113281, "Difference_Relative": -64.64350891113281, "_step": 21, "total_loss": 170.23414611816406, "ewc_loss": 3.4037818908691406, "_timestamp": 1765462987.9613926, "_runtime": 33.697573561}