{"step": 21, "total_loss": 148.72816467285156, "ewc_loss": 2.973651170730591, "data_loss": 0.04560808092355728, "Difference_Absolute": 162.22513580322266, "Difference_Relative": -162.22513580322266, "_timestamp": 1765457562.5981205, "_runtime": 10.580157739, "logprob_sum": 198.1492919921875, "_step": 21}