{"total_loss": 174.98280334472656, "data_loss": 1.0541018441319465, "Difference_Absolute": 99.60850524902344, "_runtime": 49.32677875, "_step": 21, "step": 21, "ewc_loss": 3.47857403755188, "logprob_sum": 149.016357421875, "Difference_Relative": -99.60850524902344, "_timestamp": 1765461133.9092848}