{"ewc_loss": 2.9936182498931885, "data_loss": 0.018645552918314934, "Difference_Absolute": 122.52170181274414, "_timestamp": 1765457721.8325984, "_runtime": 9.216279129, "step": 21, "logprob_sum": 145.3111572265625, "Difference_Relative": -122.52170181274414, "_step": 21, "total_loss": 149.69955444335938}