{"Difference_Absolute": 31.815593719482422, "_timestamp": 1765461302.3581703, "_runtime": 54.656107283, "step": 21, "logprob_sum": 56.43556213378906, "Difference_Relative": -31.815593719482422, "_step": 21, "total_loss": 176.4070587158203, "ewc_loss": 3.5107157230377197, "data_loss": 0.8712862372398376}