{"step": 21, "total_loss": 170.20321655273438, "data_loss": 0.26276037096977234, "logprob_sum": 48.69963073730469, "Difference_Absolute": 25.91016387939453, "_runtime": 11.645643979, "ewc_loss": 3.3988091945648193, "Difference_Relative": -25.91016387939453, "_timestamp": 1765460977.6252122, "_step": 21}