{"_runtime": 96.61585857, "_step": 21, "step": 21, "total_loss": 172.06256103515625, "ewc_loss": 3.4151618480682364, "logprob_sum": 73.96975708007812, "data_loss": 1.3044710844755174, "Difference_Absolute": 38.04560089111328, "Difference_Relative": -38.04560089111328, "_timestamp": 1765461991.6898859}