{"step": 21, "ewc_loss": 3.390949010848999, "Difference_Absolute": 62.428019523620605, "Difference_Relative": -62.428019523620605, "_timestamp": 1765462205.794342, "total_loss": 169.6414794921875, "data_loss": 0.09403005614876746, "logprob_sum": 78.03038024902344, "_runtime": 34.201061549, "_step": 21}