{"_wandb":{"runtime":292},"_timestamp":1.7654559673231971e+09,"_step":100,"data_loss":0.05919814892113208,"step":100,"ewc_loss":0.004404960665851831,"total_loss":0.27944615483283997,"logprob_sum":49.194419860839844,"_runtime":292.241724087}