{"step": 21, "total_loss": 178.16848754882812, "data_loss": 0.08770821439102292, "logprob_sum": 40.92157745361328, "Difference_Relative": -25.31921672821045, "_step": 21, "ewc_loss": 3.561615467071534, "Difference_Absolute": 25.31921672821045, "_timestamp": 1765463299.095129, "_runtime": 67.426967394}