{"step": 21, "total_loss": 152.54092407226562, "ewc_loss": 3.049307107925415, "logprob_sum": 112.03526306152344, "Difference_Absolute": 96.43289947509766, "_runtime": 14.984602369, "data_loss": 0.07556755840778351, "Difference_Relative": -96.43289947509766, "_timestamp": 1765457565.4757504, "_step": 21}