{"ewc_loss": 3.5647671222686768, "data_loss": 1.3882023572921753, "Difference_Absolute": 32.647372245788574, "Difference_Relative": -32.647372245788574, "_timestamp": 1765461191.117005, "_runtime": 54.163372964, "step": 21, "logprob_sum": 48.249732971191406, "_step": 21, "total_loss": 179.62657165527344}