{"Difference_Absolute": 61.05522155761719, "_runtime": 43.93712181, "_step": 21, "total_loss": 179.2095947265625, "data_loss": 0.22922269776463505, "Difference_Relative": -61.05522155761719, "_timestamp": 1765462236.2206848, "step": 21, "ewc_loss": 3.5796072483062744, "logprob_sum": 110.70500183105469}