{"step": 21, "total_loss": 148.72816467285156, "data_loss": 0.04560808092355728, "logprob_sum": 198.1492919921875, "Difference_Absolute": 162.22513580322266, "Difference_Relative": -162.22513580322266, "_runtime": 7.965705042, "ewc_loss": 2.973651170730591, "_timestamp": 1765462063.3090641, "_step": 21}