{"data_loss": 0.8516474097967148, "Difference_Relative": -34.99767303466797, "_timestamp": 1765462610.9946191, "_step": 21, "total_loss": 181.74635314941406, "logprob_sum": 84.64745330810547, "Difference_Absolute": 34.99767303466797, "_runtime": 97.842130953, "step": 21, "ewc_loss": 3.617894172668458}