{"data_loss": 11.697546386718749, "Difference_Relative": -280.18804931640625, "_timestamp": 1765465501.45773, "_runtime": 55.41389254, "step": 21, "total_loss": 165.44796752929688, "logprob_sum": 329.83782958984375, "Difference_Absolute": 280.18804931640625, "_step": 21, "ewc_loss": 3.0750086307525635}