{"total_loss": 172.57131958007812, "logprob_sum": 65.1387939453125, "Difference_Absolute": 40.51882553100586, "Difference_Relative": -40.51882553100586, "_timestamp": 1765462440.9624205, "_runtime": 53.554858589, "_step": 21, "step": 21, "ewc_loss": 3.439162015914917, "data_loss": 0.6132320046424866}