{"_step": 21, "total_loss": 151.1097412109375, "data_loss": 0.06134970486164093, "logprob_sum": 33.345130920410156, "Difference_Relative": -8.725162506103516, "_timestamp": 1765462164.9212065, "step": 21, "ewc_loss": 3.020967721939087, "Difference_Absolute": 8.725162506103516, "_runtime": 11.485133951}