{"step": 21, "total_loss": 164.33140563964844, "ewc_loss": 3.2854504585266113, "data_loss": 0.05889030545949936, "logprob_sum": 352.5157470703125, "Difference_Absolute": 303.10789489746094, "Difference_Relative": -303.10789489746094, "_step": 21, "_timestamp": 1765462799.9783816, "_runtime": 7.646054667}