{"_timestamp": 1765461678.4900565, "_step": 21, "step": 21, "total_loss": 178.91477966308594, "data_loss": 1.991217201948166, "logprob_sum": 49.774139404296875, "_runtime": 99.897805345, "ewc_loss": 3.53847098350525, "Difference_Absolute": 34.17177867889404, "Difference_Relative": -34.17177867889404}