{"logprob_sum": 117.71932983398438, "Difference_Absolute": 81.79517364501953, "_timestamp": 1765462767.6708357, "step": 21, "total_loss": 161.1983642578125, "ewc_loss": 3.220589876174927, "Difference_Relative": -81.79517364501953, "_runtime": 68.290630678, "_step": 21, "data_loss": 0.16886796727776526}