{"Difference_Relative": -39.65359401702881, "_runtime": 7.951891055, "total_loss": 172.3994598388672, "ewc_loss": 3.445655345916748, "data_loss": 0.11669188737869263, "Difference_Absolute": 39.65359401702881, "_timestamp": 1765462143.0215728, "_step": 21, "step": 21, "logprob_sum": 55.25595474243164}