{"step": 21, "ewc_loss": 2.7051639556884766, "_runtime": 108.03854184, "_step": 21, "total_loss": 146.2849578857422, "data_loss": 11.026756191253662, "logprob_sum": 174.07672119140625, "Difference_Absolute": 151.2872543334961, "Difference_Relative": -151.2872543334961, "_timestamp": 1765466219.5146089}