{"total_loss": 169.11386108398438, "Difference_Absolute": 111.92372131347656, "Difference_Relative": -111.92372131347656, "_step": 21, "ewc_loss": 3.375859260559082, "data_loss": 0.3208747565746307, "logprob_sum": 161.33157348632812, "_timestamp": 1765462496.498655, "_runtime": 66.703486065, "step": 21}