{"ewc_loss": 3.423089742660523, "_runtime": 64.380546794, "step": 21, "total_loss": 173.5982666015625, "data_loss": 2.4437749266624453, "logprob_sum": 197.09136962890625, "Difference_Absolute": 147.6835174560547, "Difference_Relative": -147.6835174560547, "_timestamp": 1765463231.0903947, "_step": 21}