{"data_loss": 0.06643633544445038, "logprob_sum": 100.23779296875, "Difference_Absolute": 77.44832611083984, "_runtime": 9.345431756, "total_loss": 173.24256896972656, "Difference_Relative": -77.44832611083984, "_timestamp": 1765462152.9163287, "_step": 21, "step": 21, "ewc_loss": 3.4635226726531982}