{"logprob_sum": 117.42041015625, "Difference_Absolute": 92.80044174194336, "Difference_Relative": -92.80044174194336, "_runtime": 60.696362359, "_step": 21, "step": 21, "data_loss": 0.14491929560899733, "_timestamp": 1765459741.7546003, "total_loss": 167.1431884765625, "ewc_loss": 3.3399655818939205}