{"step": 21, "ewc_loss": 3.2424614429473877, "data_loss": 0.30709531903266907, "logprob_sum": 89.75712585449219, "Difference_Absolute": 40.10734558105469, "_runtime": 12.209387204, "_step": 21, "total_loss": 162.43017578125, "Difference_Relative": -40.10734558105469, "_timestamp": 1765462022.1901681}