{"Difference_Relative": -146.99241638183594, "_timestamp": 1765462170.9126177, "_runtime": 33.859634502, "Difference_Absolute": 146.99241638183594, "_step": 21, "step": 21, "total_loss": 168.53675842285156, "ewc_loss": 3.3687222003936768, "data_loss": 0.10063979625701905, "logprob_sum": 196.4002685546875}