{"step": 21, "ewc_loss": 3.1238763332366943, "data_loss": 0.004398271907120943, "_timestamp": 1765462809.1233559, "_step": 21, "total_loss": 156.19821166992188, "logprob_sum": 142.49375915527344, "Difference_Absolute": 126.8913984298706, "Difference_Relative": -126.8913984298706, "_runtime": 8.497316123}