{"_step": 21, "total_loss": 164.78744506835938, "logprob_sum": 159.1650848388672, "_timestamp": 1765463057.4155097, "step": 21, "ewc_loss": 3.2938218116760254, "data_loss": 0.09635134637355805, "Difference_Absolute": 123.24092864990234, "Difference_Relative": -123.24092864990234, "_runtime": 34.241128786}