{"step": 21, "total_loss": 162.38136291503906, "ewc_loss": 3.2467877864837646, "logprob_sum": 141.32186889648438, "_step": 21, "data_loss": 0.041976459324359894, "Difference_Absolute": 105.39771270751953, "Difference_Relative": -105.39771270751953, "_timestamp": 1765461002.182735, "_runtime": 7.9327991749999995}