{"step": 21, "ewc_loss": 3.3687222003936768, "data_loss": 0.10063969194889069, "Difference_Relative": -146.99246215820312, "total_loss": 168.53675842285156, "logprob_sum": 196.4003143310547, "Difference_Absolute": 146.99246215820312, "_timestamp": 1765459258.8525753, "_runtime": 30.456913976, "_step": 21}