{"data_loss": 10.944418907165527, "logprob_sum": 237.95928955078125, "Difference_Absolute": 202.0351333618164, "Difference_Relative": -202.0351333618164, "_step": 21, "step": 21, "total_loss": 157.87843322753906, "_timestamp": 1765465429.6992435, "_runtime": 11.44151925, "ewc_loss": 2.938680410385132}