{"total_loss": 162.38136291503906, "ewc_loss": 3.2467877864837646, "logprob_sum": 141.32186889648438, "Difference_Absolute": 105.39771270751953, "Difference_Relative": -105.39771270751953, "_runtime": 10.26472014, "_step": 21, "step": 21, "data_loss": 0.041976459324359894, "_timestamp": 1765460762.398709}