{"data_loss":0.07104639783501626,"_runtime":67.717594331,"_timestamp":1.7654560383588839e+09,"logprob_sum":69.7078857421875,"_step":22,"step":22,"ewc_loss":0.033076684921979904,"_wandb":{"runtime":67},"total_loss":1.724880576133728}