{"total_loss": 168.9901885986328, "ewc_loss": 3.3679327964782715, "data_loss": 0.5935457944869995, "Difference_Absolute": 89.38900375366211, "Difference_Relative": -89.38900375366211, "_timestamp": 1765460750.4552069, "_runtime": 10.808628537, "_step": 21, "step": 21, "logprob_sum": 114.00897216796875}