{"data_loss": 0.049939291179180154, "logprob_sum": 145.3304901123047, "Difference_Relative": -120.71052169799805, "_step": 21, "step": 21, "total_loss": 167.8169403076172, "ewc_loss": 3.355340003967285, "Difference_Absolute": 120.71052169799805, "_timestamp": 1765463022.687948, "_runtime": 34.212897958}