{"logprob_sum": 100.16064453125, "Difference_Relative": -84.55828380584717, "_timestamp": 1765466110.429946, "_runtime": 106.050323543, "Difference_Absolute": 84.55828380584717, "_step": 21, "step": 21, "total_loss": 132.40609741210938, "ewc_loss": 2.429270505905152, "data_loss": 10.942578601837159}