{"ewc_loss": 3.049307107925415, "data_loss": 0.07556755840778351, "logprob_sum": 112.03526306152344, "Difference_Relative": -96.43289947509766, "_timestamp": 1765457697.0342505, "_runtime": 10.332712537, "step": 21, "total_loss": 152.54092407226562, "Difference_Absolute": 96.43289947509766, "_step": 21}