{"total_loss": 168.6895751953125, "ewc_loss": 3.356644630432129, "data_loss": 0.8573378205299378, "Difference_Relative": -39.83772277832031, "_timestamp": 1765462496.466382, "_runtime": 54.999259201, "_step": 21, "step": 21, "logprob_sum": 75.76187896728516, "Difference_Absolute": 39.83772277832031}