{"_step": 21, "step": 21, "data_loss": 0.012329790741205215, "Difference_Relative": -213.48565292358398, "_timestamp": 1765462054.8347697, "_runtime": 7.961741295, "total_loss": 157.9860076904297, "ewc_loss": 3.1594736576080322, "logprob_sum": 238.10562133789062, "Difference_Absolute": 213.48565292358398}