{"step": 21, "ewc_loss": 3.0895159244537354, "data_loss": 0.020563893020153046, "logprob_sum": 289.87945556640625, "Difference_Absolute": 240.4715805053711, "total_loss": 154.49636840820312, "Difference_Relative": -240.4715805053711, "_timestamp": 1765457686.2018328, "_runtime": 8.925361119, "_step": 21}