{"logprob_sum": 89.75717163085938, "Difference_Relative": -40.107391357421875, "_timestamp": 1765459120.167826, "_step": 21, "total_loss": 162.43014526367188, "ewc_loss": 3.2424609661102295, "Difference_Absolute": 40.107391357421875, "_runtime": 10.53658114, "step": 21, "data_loss": 0.3070952892303467}