{"data_loss": 0.08175183683633805, "logprob_sum": 138.89913940429688, "Difference_Absolute": 102.97498321533203, "Difference_Relative": -102.97498321533203, "_runtime": 35.167760126, "step": 21, "total_loss": 162.29046630859375, "ewc_loss": 3.2441742420196533, "_timestamp": 1765462310.7883527, "_step": 21}