{"step": 21, "ewc_loss": 2.750272274017334, "data_loss": 10.766738891601562, "logprob_sum": 158.10226440429688, "Difference_Absolute": 135.31279754638672, "_timestamp": 1765465405.8602972, "total_loss": 148.2803497314453, "Difference_Relative": -135.31279754638672, "_runtime": 11.379357868, "_step": 21}