{"step": 21, "Difference_Relative": -134.74633407592773, "_timestamp": 1765459351.2878287, "total_loss": 166.8373260498047, "ewc_loss": 3.334794282913208, "data_loss": 0.09760448709130287, "logprob_sum": 159.36630249023438, "Difference_Absolute": 134.74633407592773, "_runtime": 29.961827823, "_step": 21}