{"data_loss": 1.4132129907608033, "Difference_Absolute": 28.640430450439453, "Difference_Relative": -28.640430450439453, "_timestamp": 1765461894.439404, "_runtime": 107.793990921, "step": 21, "logprob_sum": 53.260398864746094, "_step": 21, "total_loss": 158.21356201171875, "ewc_loss": 3.1360070705413814}