{"step": 21, "logprob_sum": 62.32682800292969, "Difference_Absolute": 46.724467277526855, "Difference_Relative": -46.724467277526855, "_step": 21, "total_loss": 175.04383850097656, "ewc_loss": 3.497974395751954, "data_loss": 0.1451233562082052, "_timestamp": 1765462563.7164805, "_runtime": 66.612483808}