{"step": 21, "total_loss": 161.9553680419922, "ewc_loss": 3.235863924026489, "logprob_sum": 139.99449157714844, "_timestamp": 1765462629.9713988, "_runtime": 65.702311325, "_step": 21, "data_loss": 0.16215910986065868, "Difference_Absolute": 117.20502471923828, "Difference_Relative": -117.20502471923828}