{"total_loss": 180.7989501953125, "Difference_Relative": -115.67041015625, "_timestamp": 1765461485.5978997, "_runtime": 106.376679323, "_step": 21, "step": 21, "ewc_loss": 3.588223457336426, "data_loss": 1.3877730190753936, "logprob_sum": 165.3201904296875, "Difference_Absolute": 115.67041015625}