{"step": 21, "total_loss": 156.9462890625, "ewc_loss": 3.137946844100952, "data_loss": 0.04895588383078575, "Difference_Relative": -293.24098205566406, "_step": 21, "logprob_sum": 342.6488342285156, "Difference_Absolute": 293.24098205566406, "_timestamp": 1765459128.6660216, "_runtime": 7.348810199}