{"step": 21, "total_loss": 176.37159729003906, "ewc_loss": 3.5257112979888916, "Difference_Relative": -127.01052856445312, "_step": 21, "data_loss": 0.08603572100400925, "logprob_sum": 176.66030883789062, "Difference_Absolute": 127.01052856445312, "_timestamp": 1765462121.793458, "_runtime": 9.925299596}