{"data_loss": 0.2627597153186798, "logprob_sum": 48.699615478515625, "Difference_Absolute": 25.91014862060547, "Difference_Relative": -25.91014862060547, "_runtime": 10.159450004, "step": 21, "total_loss": 170.20321655273438, "ewc_loss": 3.3988091945648193, "_timestamp": 1765460734.214272, "_step": 21}