{"_runtime": 8.134908172, "_step": 21, "total_loss": 157.09364318847656, "ewc_loss": 3.1408884525299072, "logprob_sum": 124.75480651855469, "Difference_Relative": -75.10502624511719, "step": 21, "data_loss": 0.04922821745276451, "Difference_Absolute": 75.10502624511719, "_timestamp": 1765462791.6978474}