{"Difference_Absolute": 29.741324424743652, "_timestamp": 1765462337.511172, "_step": 21, "total_loss": 182.9385223388672, "data_loss": 0.7177387773990631, "logprob_sum": 45.343685150146484, "Difference_Relative": -29.741324424743652, "_runtime": 50.107481551, "step": 21, "ewc_loss": 3.6444156169891357}