{"_timestamp": 1765462429.1083562, "step": 21, "total_loss": 164.4859619140625, "data_loss": 0.1808580756187439, "logprob_sum": 214.35171508789062, "_runtime": 102.588870221, "_step": 21, "ewc_loss": 3.286101818084717, "Difference_Absolute": 164.70193481445312, "Difference_Relative": -164.70193481445312}