{"Difference_Absolute": 26.25778102874756, "_timestamp": 1765462805.1681921, "_runtime": 100.257250275, "_step": 21, "step": 21, "ewc_loss": 3.655166149139405, "data_loss": 1.2055152833461762, "logprob_sum": 41.86014175415039, "Difference_Relative": -26.25778102874756, "total_loss": 183.9638214111328}