{"ewc_loss": 2.653123617172241, "data_loss": 11.061706924438475, "logprob_sum": 218.96424865722656, "Difference_Absolute": 194.34428024291992, "total_loss": 143.71788024902344, "Difference_Relative": -194.34428024291992, "_timestamp": 1765465718.1142795, "_runtime": 54.039263557, "_step": 21, "step": 21}