{"total_loss": 175.8979949951172, "Difference_Absolute": 111.33820343017578, "_step": 21, "step": 21, "ewc_loss": 3.4953010082244873, "data_loss": 1.1329407885670661, "logprob_sum": 147.26235961914062, "Difference_Relative": -111.33820343017578, "_timestamp": 1765463111.7937267, "_runtime": 101.322130364}