{"total_loss": 163.7205047607422, "ewc_loss": 3.271430253982544, "Difference_Relative": -138.07147216796875, "_runtime": 12.483864991, "step": 21, "data_loss": 0.14898502826690674, "logprob_sum": 187.72125244140625, "Difference_Absolute": 138.07147216796875, "_timestamp": 1765460938.1877882, "_step": 21}