{"Difference_Absolute": 109.53550720214844, "Difference_Relative": -109.53550720214844, "step": 21, "data_loss": 1.148836752027273, "_timestamp": 1765461577.9557126, "_runtime": 91.684497114, "_step": 21, "total_loss": 178.0819854736328, "ewc_loss": 3.538662672042846, "logprob_sum": 158.943359375}