{"ewc_loss": 3.3369424343109126, "data_loss": 1.3964031815528872, "logprob_sum": 68.37908935546875, "Difference_Relative": -45.589622497558594, "_step": 21, "step": 21, "total_loss": 168.24351501464844, "Difference_Absolute": 45.589622497558594, "_timestamp": 1765461786.0979638, "_runtime": 107.067578917}