{"_timestamp": 1765465417.778374, "_runtime": 11.41674099, "ewc_loss": 3.121429920196533, "Difference_Absolute": 179.69230270385742, "_step": 21, "step": 21, "total_loss": 167.5142822265625, "data_loss": 11.442785263061523, "logprob_sum": 204.31227111816406, "Difference_Relative": -179.69230270385742}