{"_runtime": 61.38722361, "_step": 21, "total_loss": 169.97039794921875, "data_loss": 0.3508763834834099, "logprob_sum": 158.545654296875, "Difference_Relative": -109.13780212402344, "_timestamp": 1765459558.739882, "step": 21, "ewc_loss": 3.392390489578246, "Difference_Absolute": 109.13780212402344}