{"_step": 21, "total_loss": 162.10610961914062, "ewc_loss": 3.236098051071167, "data_loss": 0.30120705664157865, "logprob_sum": 90.93196105957031, "Difference_Absolute": 41.28218078613281, "_runtime": 51.111595621, "step": 21, "Difference_Relative": -41.28218078613281, "_timestamp": 1765459227.7273474}