{"total_loss": 153.34226989746094, "ewc_loss": 3.066213369369507, "data_loss": 0.03159448131918907, "logprob_sum": 158.74856567382812, "Difference_Relative": -135.95909881591797, "_runtime": 7.254222349, "_step": 21, "step": 21, "Difference_Absolute": 135.95909881591797, "_timestamp": 1765462046.3707798}