{"Difference_Absolute": 113.93944549560547, "Difference_Relative": -113.93944549560547, "_timestamp": 1765462817.0677972, "_runtime": 7.458952497, "ewc_loss": 3.104234457015991, "data_loss": 0.0038753808476030827, "_step": 21, "step": 21, "total_loss": 155.21559143066406, "logprob_sum": 136.72891235351562}