{"step": 21, "logprob_sum": 168.33627319335938, "Difference_Absolute": 118.68649291992188, "Difference_Relative": -118.68649291992188, "_runtime": 33.55857538, "_step": 21, "total_loss": 171.455810546875, "ewc_loss": 3.4273109436035156, "data_loss": 0.09027599543333054, "_timestamp": 1765462883.294087}