{"_step": 21, "step": 21, "data_loss": 0.8984950542449953, "Difference_Absolute": 46.221771240234375, "Difference_Relative": -46.221771240234375, "total_loss": 178.61181640625, "ewc_loss": 3.5542659759521475, "logprob_sum": 69.01123809814453, "_timestamp": 1765462901.4632187, "_runtime": 95.761030198}