{"logprob_sum": 110.74063110351562, "Difference_Absolute": 95.1382703781128, "Difference_Relative": -95.1382703781128, "_runtime": 53.41324143, "_step": 21, "total_loss": 143.78213500976562, "ewc_loss": 2.656087875366211, "_timestamp": 1765465608.834525, "step": 21, "data_loss": 10.977732658386229}