{"step": 21, "total_loss": 167.41981506347656, "ewc_loss": 3.3451902866363525, "data_loss": 0.16029631048440934, "_step": 21, "logprob_sum": 132.82830810546875, "Difference_Absolute": 108.20833969116211, "Difference_Relative": -108.20833969116211, "_timestamp": 1765462698.832921, "_runtime": 68.306601086}