{"_step": 21, "step": 21, "data_loss": 11.156250190734864, "logprob_sum": 220.37799072265625, "_timestamp": 1765466327.8973913, "_runtime": 107.827615758, "total_loss": 155.5076904296875, "ewc_loss": 2.8870289325714107, "Difference_Absolute": 195.7580223083496, "Difference_Relative": -195.7580223083496}