{"ewc_loss": 3.265678167343139, "Difference_Absolute": 87.65682220458984, "Difference_Relative": -87.65682220458984, "_runtime": 60.365226658, "step": 21, "data_loss": 0.21796143949031832, "logprob_sum": 110.4462890625, "_timestamp": 1765459680.4932709, "_step": 21, "total_loss": 163.5018768310547}