{"total_loss": 155.2233123779297, "data_loss": 0.018569055944681168, "Difference_Absolute": 132.9194450378418, "Difference_Relative": -132.9194450378418, "_runtime": 9.372028247, "_step": 21, "step": 21, "ewc_loss": 3.104094982147217, "logprob_sum": 157.53941345214844, "_timestamp": 1765457780.6540732}