{"data_loss": 0.04560808092355728, "logprob_sum": 198.1492919921875, "_timestamp": 1765459160.2417727, "_runtime": 7.256100723, "ewc_loss": 2.973651170730591, "Difference_Absolute": 162.22513580322266, "Difference_Relative": -162.22513580322266, "_step": 21, "step": 21, "total_loss": 148.72816467285156}