{"data_loss": 13.376392364501953, "Difference_Absolute": 366.3592224121094, "Difference_Relative": -366.3592224121094, "_timestamp": 1765465370.2982943, "_runtime": 12.213658167, "_step": 21, "step": 21, "logprob_sum": 416.0090026855469, "total_loss": 162.42446899414062, "ewc_loss": 2.980961561203003}