{"step": 21, "ewc_loss": 3.3452870845794678, "data_loss": 0.06378360167145729, "logprob_sum": 143.32308959960938, "Difference_Absolute": 118.70312118530273, "_timestamp": 1765462275.0273554, "_step": 21, "total_loss": 167.32814025878906, "Difference_Relative": -118.70312118530273, "_runtime": 34.798442132}