{"total_loss": 177.05795288085938, "ewc_loss": 3.534914493560791, "data_loss": 0.31221944093704224, "logprob_sum": 88.01445770263672, "_step": 21, "step": 21, "Difference_Absolute": 72.41209697723389, "Difference_Relative": -72.41209697723389, "_timestamp": 1765460723.3362947, "_runtime": 11.317868754}