{"ewc_loss": 3.451737642288208, "logprob_sum": 215.1527099609375, "Difference_Absolute": 165.74485778808594, "_timestamp": 1765460952.1660197, "step": 21, "total_loss": 173.7265625, "data_loss": 1.139672875404358, "Difference_Relative": -165.74485778808594, "_runtime": 11.562742916, "_step": 21}