{"step": 21, "total_loss": 157.18177795410156, "ewc_loss": 3.1409947872161865, "data_loss": 0.13202766031026839, "logprob_sum": 190.587158203125, "_timestamp": 1765462239.6916192, "_runtime": 33.331825002, "_step": 21, "Difference_Absolute": 167.79769134521484, "Difference_Relative": -167.79769134521484}