{"step": 21, "total_loss": 154.49636840820312, "ewc_loss": 3.0895159244537354, "data_loss": 0.020563893020153046, "logprob_sum": 289.87945556640625, "Difference_Absolute": 240.4715805053711, "_runtime": 10.245380805, "_step": 21, "Difference_Relative": -240.4715805053711, "_timestamp": 1765457537.491759}