{"data_loss": 0.13202741891145706, "logprob_sum": 190.58714294433594, "_step": 21, "ewc_loss": 3.1409947872161865, "Difference_Absolute": 167.79767608642578, "Difference_Relative": -167.79767608642578, "_timestamp": 1765459320.7903318, "_runtime": 30.475610757, "step": 21, "total_loss": 157.18177795410156}