{"_runtime": 55.652983611, "step": 21, "data_loss": 0.8972185850143434, "logprob_sum": 152.22642517089844, "Difference_Absolute": 102.57664489746094, "Difference_Relative": -102.57664489746094, "_step": 21, "total_loss": 178.42193603515625, "ewc_loss": 3.5504941940307617, "_timestamp": 1765461084.230699}