{"Difference_Absolute": 165.74513244628906, "Difference_Relative": -165.74513244628906, "_runtime": 11.997202993, "_step": 21, "total_loss": 173.7265625, "ewc_loss": 3.451738119125366, "data_loss": 1.1396639347076416, "logprob_sum": 215.15298461914062, "_timestamp": 1765460710.486138, "step": 21}