{"logprob_sum": 180.3846435546875, "Difference_Relative": -144.46048736572266, "_step": 21, "step": 21, "Difference_Absolute": 144.46048736572266, "_timestamp": 1765462175.8954246, "_runtime": 10.491952919, "total_loss": 173.71484375, "ewc_loss": 3.4651896953582764, "data_loss": 0.45535317063331604}