{"total_loss": 144.92674255371094, "ewc_loss": 2.681407928466797, "data_loss": 10.85633373260498, "logprob_sum": 104.0894775390625, "Difference_Relative": -88.48711681365967, "_timestamp": 1765465393.923364, "step": 21, "Difference_Absolute": 88.48711681365967, "_runtime": 11.272199575, "_step": 21}