{"total_loss": 156.40994262695312, "logprob_sum": 290.32183837890625, "step": 21, "ewc_loss": 3.128068685531616, "data_loss": 0.006522375158965588, "Difference_Absolute": 254.3976821899414, "Difference_Relative": -254.3976821899414, "_timestamp": 1765462833.442002, "_runtime": 7.500091812, "_step": 21}