{"_timestamp": 1765460697.3797462, "_runtime": 11.964799628, "_step": 21, "total_loss": 163.72061157226562, "data_loss": 0.14898566901683807, "Difference_Relative": -138.07171630859375, "step": 21, "ewc_loss": 3.271432399749756, "logprob_sum": 187.72149658203125, "Difference_Absolute": 138.07171630859375}