{"ewc_loss": 3.5349154472351074, "data_loss": 0.31221991777420044, "logprob_sum": 88.01408386230469, "Difference_Absolute": 72.41172313690186, "Difference_Relative": -72.41172313690186, "_timestamp": 1765460964.6106577, "_runtime": 12.160375118, "step": 21, "total_loss": 177.05799865722656, "_step": 21}