{"total_loss": 168.99021911621094, "ewc_loss": 3.3679332733154297, "data_loss": 0.593546450138092, "Difference_Absolute": 89.38897323608398, "Difference_Relative": -89.38897323608398, "_runtime": 11.480160322, "_step": 21, "step": 21, "logprob_sum": 114.00894165039062, "_timestamp": 1765460989.7879703}