{"Difference_Absolute": 118.46664428710938, "Difference_Relative": -118.46664428710938, "_step": 21, "step": 21, "ewc_loss": 3.45317006111145, "data_loss": 0.21504321098327636, "_timestamp": 1765462917.872263, "_runtime": 33.923166902, "total_loss": 172.87355041503906, "logprob_sum": 167.87449645996094}