{"step": 21, "Difference_Absolute": 42.13884735107422, "_runtime": 54.796489835, "total_loss": 175.08999633789062, "ewc_loss": 3.4789252281188965, "data_loss": 1.14371680021286, "logprob_sum": 64.92831420898438, "Difference_Relative": -42.13884735107422, "_timestamp": 1765461246.8518908, "_step": 21}