{"total_loss": 135.3961181640625, "ewc_loss": 2.4900715351104736, "Difference_Absolute": 183.08374786376953, "_runtime": 53.955475931, "step": 21, "data_loss": 10.892537689208984, "logprob_sum": 219.00790405273438, "Difference_Relative": -183.08374786376953, "_timestamp": 1765465772.5934036, "_step": 21}