{"step": 21, "ewc_loss": 2.5273923873901367, "data_loss": 10.903735733032228, "_runtime": 54.219791635, "_step": 21, "total_loss": 137.27334594726562, "logprob_sum": 154.41424560546875, "Difference_Absolute": 131.6247787475586, "Difference_Relative": -131.6247787475586, "_timestamp": 1765465663.5567622}