{"logprob_sum": 155.62066650390625, "Difference_Relative": -105.97088623046875, "_timestamp": 1765459496.6841118, "ewc_loss": 3.2401142120361333, "Difference_Absolute": 105.97088623046875, "_runtime": 98.643687998, "_step": 21, "step": 21, "total_loss": 162.2059783935547, "data_loss": 0.20026298239827156}