{"_runtime": 11.121699539, "step": 21, "Difference_Relative": -278.63002014160156, "_timestamp": 1765465382.0755394, "_step": 21, "total_loss": 164.44308471679688, "ewc_loss": 3.0707499980926514, "data_loss": 10.905573844909668, "logprob_sum": 328.0378723144531, "Difference_Absolute": 278.63002014160156}