{"total_loss": 174.47708129882812, "ewc_loss": 3.4846622943878174, "data_loss": 0.24396705627441406, "Difference_Absolute": 42.88433837890625, "Difference_Relative": -42.88433837890625, "_step": 21, "step": 21, "logprob_sum": 92.29219055175781, "_timestamp": 1765462134.5049043, "_runtime": 11.962048099}