{"Difference_Absolute": 86.46377563476562, "_step": 21, "Difference_Relative": -86.46377563476562, "_timestamp": 1765457675.7137723, "_runtime": 29.290387339, "step": 21, "total_loss": 156.00311279296875, "ewc_loss": 3.117771863937378, "data_loss": 0.11451714485883713, "logprob_sum": 136.11358642578125}