{"total_loss": 172.4039306640625, "logprob_sum": 77.38165283203125, "_timestamp": 1765463432.9005232, "_step": 21, "ewc_loss": 3.4461619853973384, "data_loss": 0.09583210460841658, "Difference_Absolute": 52.76168441772461, "Difference_Relative": -52.76168441772461, "_runtime": 66.566100113, "step": 21}