{"_step": 21, "step": 21, "_timestamp": 1765463010.148825, "total_loss": 174.87425231933594, "ewc_loss": 3.4694008827209464, "data_loss": 1.4042113244533538, "logprob_sum": 49.344322204589844, "Difference_Absolute": 24.724353790283203, "Difference_Relative": -24.724353790283203, "_runtime": 108.159554953}