{"_step": 21, "step": 21, "total_loss": 169.2586212158203, "data_loss": 1.0245490491390228, "Difference_Relative": -49.527984619140625, "_runtime": 50.971187144, "ewc_loss": 3.3646814823150635, "logprob_sum": 85.45214080810547, "Difference_Absolute": 49.527984619140625, "_timestamp": 1765461354.0640256}