{"step": 21, "total_loss": 156.00311279296875, "ewc_loss": 3.117771863937378, "logprob_sum": 136.11358642578125, "_timestamp": 1765457435.3721027, "_runtime": 77.551839447, "_step": 21, "data_loss": 0.11451714485883713, "Difference_Absolute": 86.46377563476562, "Difference_Relative": -86.46377563476562}