{"_runtime": 66.761178592, "step": 21, "total_loss": 173.75323486328125, "ewc_loss": 3.467278003692628, "logprob_sum": 140.37179565429688, "Difference_Relative": -90.72201538085938, "_timestamp": 1765463165.6264124, "_step": 21, "data_loss": 0.3893067758530378, "Difference_Absolute": 90.72201538085938}