{"Difference_Absolute": 68.59508514404297, "Difference_Relative": -68.59508514404297, "step": 21, "logprob_sum": 91.38455200195312, "_timestamp": 1765463365.800092, "_runtime": 66.096894481, "_step": 21, "total_loss": 172.29727172851562, "ewc_loss": 3.443757772445678, "data_loss": 0.10940007865428925}