{"_runtime": 12.071600208, "step": 21, "total_loss": 150.92279052734375, "ewc_loss": 3.0149221420288086, "data_loss": 0.1766814887523651, "logprob_sum": 100.99951934814453, "_step": 21, "Difference_Absolute": 85.3971586227417, "Difference_Relative": -85.3971586227417, "_timestamp": 1765457522.594035}