{"step": 21, "ewc_loss": 2.9999630451202393, "logprob_sum": 154.02633666992188, "Difference_Absolute": 118.1021957397461, "Difference_Relative": -118.1021957397461, "_timestamp": 1765457909.8818524, "_runtime": 17.269646973, "_step": 21, "total_loss": 150.01043701171875, "data_loss": 0.012287523597478867}