{"step": 21, "total_loss": 175.6094207763672, "data_loss": 0.5669889301061631, "logprob_sum": 75.50355529785156, "Difference_Relative": -26.095703125, "_timestamp": 1765462286.8012407, "_runtime": 49.910686389, "_step": 21, "ewc_loss": 3.5008482933044434, "Difference_Absolute": 26.095703125}