{"total_loss": 162.43775939941406, "ewc_loss": 3.242612361907959, "data_loss": 0.30714645981788635, "logprob_sum": 89.75764465332031, "Difference_Relative": -40.10786437988281, "_timestamp": 1765457485.035999, "_runtime": 13.115803795, "_step": 21, "step": 21, "Difference_Absolute": 40.10786437988281}