{"Difference_Absolute": 253.4870147705078, "Difference_Relative": -253.4870147705078, "_step": 21, "total_loss": 143.1035919189453, "ewc_loss": 2.640989780426026, "data_loss": 11.054110622406006, "_timestamp": 1765466003.79241, "_runtime": 104.678110606, "step": 21, "logprob_sum": 302.8948669433594}