{"_timestamp": 1765459381.8374896, "_runtime": 30.038899625, "_step": 21, "total_loss": 159.9273681640625, "Difference_Relative": -116.43196868896484, "step": 21, "ewc_loss": 3.1966323852539062, "data_loss": 0.09574164003133774, "logprob_sum": 152.3561248779297, "Difference_Absolute": 116.43196868896484}