{"step": 21, "total_loss": 173.9639892578125, "ewc_loss": 3.4764101505279537, "Difference_Absolute": 81.92326354980469, "Difference_Relative": -81.92326354980469, "_runtime": 65.18771211, "data_loss": 0.1434756524860859, "logprob_sum": 117.84741973876953, "_timestamp": 1765463498.61809, "_step": 21}