{"total_loss": 169.6414794921875, "logprob_sum": 78.03036499023438, "Difference_Absolute": 62.42800426483154, "Difference_Relative": -62.42800426483154, "step": 21, "ewc_loss": 3.390949010848999, "data_loss": 0.0940301276743412, "_timestamp": 1765459289.774594, "_runtime": 30.354343636, "_step": 21}