{"total_loss": 136.31739807128906, "ewc_loss": 2.507471561431885, "data_loss": 10.943812942504884, "Difference_Absolute": 242.8804931640625, "_runtime": 109.62178826, "_step": 21, "step": 21, "logprob_sum": 292.5302734375, "Difference_Relative": -242.8804931640625, "_timestamp": 1765465898.4331698}