{"step": 0, "total_loss": 0, "ewc_loss": 0, "logprob_sum": 49.649810791015625, "Difference_Absolute": 0, "Difference_Relative": 0, "_timestamp": 1765457963.2483099, "_runtime": 12.571481386, "data_loss": 0, "_step": 0}