{"_step": 21, "data_loss": 0.15001086667180064, "Difference_Absolute": 52.68779277801514, "_timestamp": 1765459619.59685, "step": 21, "total_loss": 174.59425354003906, "ewc_loss": 3.4888849258422856, "logprob_sum": 68.29015350341797, "Difference_Relative": -52.68779277801514, "_runtime": 60.306663402}