{"_step": 21, "data_loss": 1.0285483181476593, "logprob_sum": 83.33775329589844, "Difference_Relative": -33.929901123046875, "step": 21, "total_loss": 182.15188598632812, "ewc_loss": 3.622467041015626, "Difference_Absolute": 33.929901123046875, "_timestamp": 1765462704.3045955, "_runtime": 92.618582166}