{"_runtime": 107.556355871, "step": 21, "total_loss": 143.90667724609375, "Difference_Absolute": 216.49658966064453, "_step": 21, "ewc_loss": 2.6456844806671143, "data_loss": 11.622458267211913, "logprob_sum": 252.42074584960938, "Difference_Relative": -216.49658966064453, "_timestamp": 1765466435.9740298}