{"total_loss": 162.10610961914062, "data_loss": 0.3012082099914551, "logprob_sum": 90.93211364746094, "Difference_Relative": -41.28233337402344, "_timestamp": 1765462136.3593383, "step": 21, "ewc_loss": 3.236098051071167, "Difference_Absolute": 41.28233337402344, "_runtime": 56.356214138, "_step": 21}