{"ewc_loss": 2.5070109367370605, "data_loss": 10.898556518554686, "logprob_sum": 274.437255859375, "Difference_Relative": -225.02940368652344, "_timestamp": 1765465554.851107, "_step": 21, "Difference_Absolute": 225.02940368652344, "_runtime": 52.758418172, "step": 21, "total_loss": 136.24911499023438}